Workbook

Sheet raw data
A1: Month | B1: Applications | C1: Approvals | D1: Declines | E1: Balances | F1: Limits | G1: DPD1 | H1: DPD30 | I1: New30+
A2: 44927 | B2: 3010 | C2: 2394 | D2: 616 | E2: 12294375 | F2: 22738699 | G2: 145 | H2: 53 | I2: 19
A3: =EDATE(A2,1) -> 44958 | B3: 2865 | C3: 2066 | D3: 799 | E3: 12787202 | F3: 22937749 | G3: 121 | H3: 56 | I3: 23
A4: =EDATE(A3,1) -> 44986 | B4: 2882 | C4: 1932 | D4: 950 | E4: 13480724 | F4: 28244788 | G4: 121 | H4: 37 | I4: 12
A5: =EDATE(A4,1) -> 45017 | B5: 2822 | C5: 1829 | D5: 993 | E5: 11554543 | F5: 23183016 | G5: 95 | H5: 39 | I5: 14
A6: =EDATE(A5,1) -> 45047 | B6: 3488 | C6: 2218 | D6: 1270 | E6: 13628088 | F6: 27403384 | G6: 133 | H6: 34 | I6: 16
A7: =EDATE(A6,1) -> 45078 | B7: 2598 | C7: 1902 | D7: 696 | E7: 11266339 | F7: 19278878 | G7: 128 | H7: 38 | I7: 13
A8: =EDATE(A7,1) -> 45108 | B8: 3242 | C8: 2139 | D8: 1103 | E8: 13886012 | F8: 24572168 | G8: 164 | H8: 54 | I8: 22
A9: =EDATE(A8,1) -> 45139 | B9: 2517 | C9: 1422 | D9: 1095 | E9: 12318748 | F9: 21701112 | G9: 63 | H9: 40 | I9: 14
A10: =EDATE(A9,1) -> 45170 | B10: 3095 | C10: 2010 | D10: 1085 | E10: 11935270 | F10: 20657978 | G10: 120 | H10: 38 | I10: 15
A11: =EDATE(A10,1) -> 45200 | B11: 2606 | C11: 1914 | D11: 692 | E11: 13977633 | F11: 28737263 | G11: 94 | H11: 42 | I11: 14
A12: =EDATE(A11,1) -> 45231 | B12: 2623 | C12: 1562 | D12: 1061 | E12: 12822933 | F12: 25647808 | G12: 90 | H12: 30 | I12: 15
A13: =EDATE(A12,1) -> 45261 | B13: 3069 | C13: 1823 | D13: 1246 | E13: 12977974 | F13: 25662144 | G13: 128 | H13: 50 | I13: 25

Sheet master
A1: Month | B1: Bad_Rate (DPD30) | C1: Bad_Rate_MoM | D1: Early_Arrears (1+) | E1: Early_Arrears_MoM | F1: Late_Arrears (30+) | G1: Early_Arrears_MoM | H1: Flow_Through | I1: Cure_Rate (DPD1+) | J1: Approval_Rate | K1: Approval_Rate_MoM | L1: Utilisation | M1: Utilisation_MoM | N1: Vintage_Bad (new 30+) | O1: Vintage_Bad_MoM
A2: ='raw data'!A2 -> 44927 | B2: ='raw data'!H2/'raw data'!C2 -> 0.02213868 | D2: ='raw data'!G2/'raw data'!C2 -> 0.060568087 | F2: ='raw data'!H2/'raw data'!C2 -> 0.02213868 | H2: ='raw data'!I2/'raw data'!G2 -> 0.13103448 | J2: ='raw data'!C2/'raw data'!B2 -> 0.79534884 | L2: ='raw data'!E2/'raw data'!F2 -> 0.54068067 | N2: ='raw data'!I2/'raw data'!C2 -> 0.0079365079
A3: ='raw data'!A3 -> 44958 | B3: ='raw data'!H3/'raw data'!C3 -> 0.027105518 | C3: =B3/B2-1 -> 0.22435113 | D3: ='raw data'!G3/'raw data'!C3 -> 0.05856728 | E3: =D3/D2-1 -> -0.033034015 | F3: ='raw data'!H3/'raw data'!C3 -> 0.027105518 | G3: =F3/F2-1 -> 0.22435113 | H3: ='raw data'!I3/'raw data'!G3 -> 0.19008264 | J3: ='raw data'!C3/'raw data'!B3 -> 0.72111693 | K3: =J3/J2-1 -> -0.093332517 | L3: ='raw data'!E3/'raw data'!F3 -> 0.55747414 | M3: =L3/L2-1 -> 0.031059877 | N3: ='raw data'!I3/'raw data'!C3 -> 0.011132623 | O3: =N3/N2-1 -> 0.40271055
A4: ='raw data'!A4 -> 44986 | B4: ='raw data'!H4/'raw data'!C4 -> 0.019151139 | C4: =B4/B3-1 -> -0.29345978 | D4: ='raw data'!G4/'raw data'!C4 -> 0.0626294 | E4: =D4/D3-1 -> 0.069358178 | F4: ='raw data'!H4/'raw data'!C4 -> 0.019151139 | G4: =F4/F3-1 -> -0.29345978 | H4: ='raw data'!I4/'raw data'!G4 -> 0.099173554 | J4: ='raw data'!C4/'raw data'!B4 -> 0.6703678 | K4: =J4/J3-1 -> -0.070375727 | L4: ='raw data'!E4/'raw data'!F4 -> 0.47728183 | M4: =L4/L3-1 -> -0.14384939 | N4: ='raw data'!I4/'raw data'!C4 -> 0.0062111801 | O4: =N4/N3-1 -> -0.44207399
A5: ='raw data'!A5 -> 45017 | B5: ='raw data'!H5/'raw data'!C5 -> 0.021323127 | C5: =B5/B4-1 -> 0.11341303 | D5: ='raw data'!G5/'raw data'!C5 -> 0.051940951 | E5: =D5/D4-1 -> -0.17066183 | F5: ='raw data'!H5/'raw data'!C5 -> 0.021323127 | G5: =F5/F4-1 -> 0.11341303 | H5: ='raw data'!I5/'raw data'!G5 -> 0.14736842 | J5: ='raw data'!C5/'raw data'!B5 -> 0.6481219 | K5: =J5/J4-1 -> -0.03318462 | L5: ='raw data'!E5/'raw data'!F5 -> 0.49840551 | M5: =L5/L4-1 -> 0.044258311 | N5: ='raw data'!I5/'raw data'!C5 -> 0.007654456 | O5: =N5/N4-1 -> 0.23236741
A6: ='raw data'!A6 -> 45047 | B6: ='raw data'!H6/'raw data'!C6 -> 0.015329125 | C6: =B6/B5-1 -> -0.28110333 | D6: ='raw data'!G6/'raw data'!C6 -> 0.059963931 | E6: =D6/D5-1 -> 0.15446348 | F6: ='raw data'!H6/'raw data'!C6 -> 0.015329125 | G6: =F6/F5-1 -> -0.28110333 | H6: ='raw data'!I6/'raw data'!G6 -> 0.12030075 | J6: ='raw data'!C6/'raw data'!B6 -> 0.6358945 | K6: =J6/J5-1 -> -0.018865902 | L6: ='raw data'!E6/'raw data'!F6 -> 0.49731405 | M6: =L6/L5-1 -> -0.0021899024 | N6: ='raw data'!I6/'raw data'!C6 -> 0.007213706 | O6: =N6/N5-1 -> -0.057580832
A7: ='raw data'!A7 -> 45078 | B7: ='raw data'!H7/'raw data'!C7 -> 0.01997897 | C7: =B7/B6-1 -> 0.30333395 | D7: ='raw data'!G7/'raw data'!C7 -> 0.067297581 | E7: =D7/D6-1 -> 0.12230102 | F7: ='raw data'!H7/'raw data'!C7 -> 0.01997897 | G7: =F7/F6-1 -> 0.30333395 | H7: ='raw data'!I7/'raw data'!G7 -> 0.1015625 | J7: ='raw data'!C7/'raw data'!B7 -> 0.73210162 | K7: =J7/J6-1 -> 0.15129416 | L7: ='raw data'!E7/'raw data'!F7 -> 0.58438769 | M7: =L7/L6-1 -> 0.17508783 | N7: ='raw data'!I7/'raw data'!C7 -> 0.0068349106 | O7: =N7/N6-1 -> -0.052510515
A8: ='raw data'!A8 -> 45108 | B8: ='raw data'!H8/'raw data'!C8 -> 0.025245442 | C8: =B8/B7-1 -> 0.2636008 | D8: ='raw data'!G8/'raw data'!C8 -> 0.076671342 | E8: =D8/D7-1 -> 0.13928822 | F8: ='raw data'!H8/'raw data'!C8 -> 0.025245442 | G8: =F8/F7-1 -> 0.2636008 | H8: ='raw data'!I8/'raw data'!G8 -> 0.13414634 | J8: ='raw data'!C8/'raw data'!B8 -> 0.65977791 | K8: =J8/J7-1 -> -0.098789157 | L8: ='raw data'!E8/'raw data'!F8 -> 0.56511139 | M8: =L8/L7-1 -> -0.032985468 | N8: ='raw data'!I8/'raw data'!C8 -> 0.01028518 | O8: =N8/N7-1 -> 0.50480095
A9: ='raw data'!A9 -> 45139 | B9: ='raw data'!H9/'raw data'!C9 -> 0.028129395 | C9: =B9/B8-1 -> 0.1142366 | D9: ='raw data'!G9/'raw data'!C9 -> 0.044303797 | E9: =D9/D8-1 -> -0.42215962 | F9: ='raw data'!H9/'raw data'!C9 -> 0.028129395 | G9: =F9/F8-1 -> 0.1142366 | H9: ='raw data'!I9/'raw data'!G9 -> 0.22222222 | J9: ='raw data'!C9/'raw data'!B9 -> 0.56495828 | K9: =J9/J8-1 -> -0.14371447 | L9: ='raw data'!E9/'raw data'!F9 -> 0.56765515 | M9: =L9/L8-1 -> 0.0045013447 | N9: ='raw data'!I9/'raw data'!C9 -> 0.0098452883 | O9: =N9/N8-1 -> -0.042769467
A10: ='raw data'!A10 -> 45170 | B10: ='raw data'!H10/'raw data'!C10 -> 0.018905473 | C10: =B10/B9-1 -> -0.32791045 | D10: ='raw data'!G10/'raw data'!C10 -> 0.059701493 | E10: =D10/D9-1 -> 0.34754797 | F10: ='raw data'!H10/'raw data'!C10 -> 0.018905473 | G10: =F10/F9-1 -> -0.32791045 | H10: ='raw data'!I10/'raw data'!G10 -> 0.125 | J10: ='raw data'!C10/'raw data'!B10 -> 0.64943457 | K10: =J10/J9-1 -> 0.14952659 | L10: ='raw data'!E10/'raw data'!F10 -> 0.57775596 | M10: =L10/L9-1 -> 0.017793926 | N10: ='raw data'!I10/'raw data'!C10 -> 0.0074626866 | O10: =N10/N9-1 -> -0.24200426
A11: ='raw data'!A11 -> 45200 | B11: ='raw data'!H11/'raw data'!C11 -> 0.021943574 | C11: =B11/B10-1 -> 0.16069955 | D11: ='raw data'!G11/'raw data'!C11 -> 0.049111808 | E11: =D11/D10-1 -> -0.17737722 | F11: ='raw data'!H11/'raw data'!C11 -> 0.021943574 | G11: =F11/F10-1 -> 0.16069955 | H11: ='raw data'!I11/'raw data'!G11 -> 0.14893617 | J11: ='raw data'!C11/'raw data'!B11 -> 0.73445894 | K11: =J11/J10-1 -> 0.13092061 | L11: ='raw data'!E11/'raw data'!F11 -> 0.48639402 | M11: =L11/L10-1 -> -0.1581324 | N11: ='raw data'!I11/'raw data'!C11 -> 0.0073145246 | O11: =N11/N10-1 -> -0.01985371
A12: ='raw data'!A12 -> 45231 | B12: ='raw data'!H12/'raw data'!C12 -> 0.019206146 | C12: =B12/B11-1 -> -0.12474849 | D12: ='raw data'!G12/'raw data'!C12 -> 0.057618438 | E12: =D12/D11-1 -> 0.17320947 | F12: ='raw data'!H12/'raw data'!C12 -> 0.019206146 | G12: =F12/F11-1 -> -0.12474849 | H12: ='raw data'!I12/'raw data'!G12 -> 0.16666667 | J12: ='raw data'!C12/'raw data'!B12 -> 0.59550133 | K12: =J12/J11-1 -> -0.18919724 | L12: ='raw data'!E12/'raw data'!F12 -> 0.49996214 | M12: =L12/L11-1 -> 0.027895319 | N12: ='raw data'!I12/'raw data'!C12 -> 0.009603073 | O12: =N12/N11-1 -> 0.31287726
A13: ='raw data'!A13 -> 45261 | B13: ='raw data'!H13/'raw data'!C13 -> 0.027427318 | C13: =B13/B12-1 -> 0.428049 | D13: ='raw data'!G13/'raw data'!C13 -> 0.070213933 | E13: =D13/D12-1 -> 0.21860182 | F13: ='raw data'!H13/'raw data'!C13 -> 0.027427318 | G13: =F13/F12-1 -> 0.428049 | H13: ='raw data'!I13/'raw data'!G13 -> 0.1953125 | J13: ='raw data'!C13/'raw data'!B13 -> 0.59400456 | K13: =J13/J12-1 -> -0.0025134664 | L13: ='raw data'!E13/'raw data'!F13 -> 0.50572446 | M13: =L13/L12-1 -> 0.011525517 | N13: ='raw data'!I13/'raw data'!C13 -> 0.013713659 | O13: =N13/N12-1 -> 0.428049

Sheet MOM risk movement

Sheet dictionary
A1: Field | B1: Description
A2: Month | B2: MM-YYYY
A3: Applications | B3: Credit applications received
A4: Approvals | B4: Approved accounts
A5: Declines | B5: Declined accounts
A6: Balances | B6: Total outstanding balances
A7: Limits | B7: Total credit limits
A8: DPD1 | B8: 1+ day arrears (early arrears)
A9: DPD30 | B9: 30+ day arrears (bad-rate driver)
A10: New30+ | B10: Newly flowed accounts into 30+ bucket
